{
  "model": "logreg",
  "accuracy": 0.5346153846153846,
  "f1_weighted": 0.5061955522570191,
  "labels": [
    3,
    4,
    5,
    6,
    7,
    8,
    9
  ],
  "confusion_matrix": [
    [
      0,
      0,
      3,
      2,
      1,
      0,
      0
    ],
    [
      0,
      1,
      24,
      18,
      0,
      0,
      0
    ],
    [
      0,
      0,
      230,
      195,
      2,
      1,
      0
    ],
    [
      0,
      0,
      125,
      403,
      39,
      0,
      0
    ],
    [
      0,
      0,
      10,
      145,
      61,
      0,
      0
    ],
    [
      0,
      0,
      4,
      21,
      14,
      0,
      0
    ],
    [
      0,
      0,
      0,
      0,
      1,
      0,
      0
    ]
  ]
}