{
  "model": "svm",
  "accuracy": 0.5907692307692308,
  "f1_weighted": 0.5753188006446832,
  "labels": [
    3,
    4,
    5,
    6,
    7,
    8,
    9
  ],
  "confusion_matrix": [
    [
      0,
      1,
      2,
      3,
      0,
      0,
      0
    ],
    [
      0,
      3,
      30,
      10,
      0,
      0,
      0
    ],
    [
      2,
      8,
      264,
      150,
      4,
      0,
      0
    ],
    [
      0,
      5,
      113,
      407,
      42,
      0,
      0
    ],
    [
      0,
      0,
      6,
      116,
      89,
      5,
      0
    ],
    [
      0,
      0,
      2,
      11,
      21,
      5,
      0
    ],
    [
      0,
      0,
      0,
      0,
      1,
      0,
      0
    ]
  ]
}