{
  "model": "rf",
  "accuracy": 0.693076923076923,
  "f1_weighted": 0.6811000746105842,
  "labels": [
    3,
    4,
    5,
    6,
    7,
    8,
    9
  ],
  "confusion_matrix": [
    [
      0,
      0,
      3,
      2,
      1,
      0,
      0
    ],
    [
      0,
      5,
      23,
      14,
      1,
      0,
      0
    ],
    [
      0,
      1,
      310,
      113,
      4,
      0,
      0
    ],
    [
      0,
      1,
      78,
      446,
      42,
      0,
      0
    ],
    [
      0,
      0,
      4,
      86,
      126,
      0,
      0
    ],
    [
      0,
      0,
      1,
      8,
      16,
      14,
      0
    ],
    [
      0,
      0,
      0,
      1,
      0,
      0,
      0
    ]
  ]
}